-0.12153499,-0.22876337
-0.22093687,-0.25251088
0.12590370,-0.27314321
-0.16453688,-0.22224403
-0.18082392,-0.21107455
-0.03192959,-0.25685872
-0.02634736,-0.26967663
-0.07528465,-0.24028397
-0.14064573,-0.19067136
-0.05783546,-0.23267332
-0.02506822,-0.27585819
-0.10660504,-0.21760084
0.01194571,-0.27670260
-0.06242852,-0.25730685
-0.06293001,-0.22146388
-0.18371836,-0.25642436
-0.07615308,-0.24651230
0.03222448,-0.28406465
-0.10483532,-0.22878630
-0.18993494,-0.25055238
-0.08060932,-0.24401963
-0.29724531,-0.29542916
-0.05122604,-0.24785766
-0.00224123,-0.26681624
0.06149760,-0.29178486
-0.20684541,-0.25022036
-0.07566996,-0.21768543
0.09938722,-0.28650504
-0.02392182,-0.25617009
-0.03063301,-0.24263190
-0.09092947,-0.22486974
0.00185205,-0.28809125
-0.12962585,-0.20747693
-0.04212740,-0.23205722
-0.10003346,-0.22973392
-0.07574144,-0.23089982
-0.17622409,-0.22665275
-0.21053452,-0.24741133
-0.06639522,-0.23299433
-0.04273329,-0.23877179
-0.07977471,-0.20017980
-0.18569359,-0.22134427
-0.24443348,-0.25298027
-0.06704788,-0.22288838
-0.19047699,-0.22938315
-0.11353987,-0.21251335
0.01142689,-0.29043022
-0.27927826,-0.27752295
-0.14799268,-0.23586184
-0.11438768,-0.22022888
-0.19846660,-0.24474135
-0.09271109,-0.22489188
-0.14200335,-0.20137608
-0.21261321,-0.23088617
-0.00730317,-0.27372297
-0.06059996,-0.23575285
-0.03673563,-0.27092573
-0.19491442,-0.25360990
-0.05268480,-0.26260677
-0.14277583,-0.20821671
-0.06635479,-0.23811214
-0.14170447,-0.20972657
-0.21960131,-0.26712333
-0.12681525,-0.21834265
-0.14051270,-0.21226803
-0.05946383,-0.25102405
-0.14580834,-0.22731704
-0.19993771,-0.24912262
-0.06788250,-0.23615169
-0.07352439,-0.22850540
-0.14529769,-0.18891411
0.02962152,-0.27424742
-0.22543504,-0.24574085
0.04011235,-0.27488927
-0.23725774,-0.25620972
-0.18774313,-0.21043607
0.02091860,-0.30115263
-0.04146921,-0.24507920
-0.15620439,-0.20748688
-0.02779776,-0.23184376
-0.16050120,-0.21734845
-0.12673990,-0.20671908
-0.04592457,-0.23509241
0.01088244,-0.27093202
-0.06873962,-0.26394805
-0.19101984,-0.22474172
-0.15810535,-0.22095644
-0.19161562,-0.26658765
-0.16238388,-0.22785176
-0.05978152,-0.24053045
-0.09336959,-0.22536098
-0.05555860,-0.25718122
-0.04223666,-0.27913321
-0.03765675,-0.27916175
-0.09849241,-0.20992937
-0.10520564,-0.23263135
-0.14131541,-0.18645704
-0.05240954,-0.23364983
-0.02057952,-0.27491660
-0.03347468,-0.27180918
-0.23511803,-0.25751095
-0.05466982,-0.24537769
0.01190364,-0.29343923
-0.14371351,-0.19646306
-0.20910731,-0.25882699
-0.15932400,-0.23109374
-0.03245321,-0.25874329
-0.17785497,-0.19061171
-0.07319860,-0.22607642
-0.05746176,-0.24755643
-0.07039051,-0.22627788
-0.18997410,-0.25792629
-0.12874303,-0.20500860
-0.12381886,-0.21857381
-0.19729986,-0.20990518
-0.12967741,-0.21035801
-0.03384261,-0.25518749
-0.26233833,-0.27584070
-0.20889394,-0.27564491
-0.16909899,-0.21544026
0.02602149,-0.30233596
-0.20379904,-0.21164253
0.00242918,-0.28963094
0.10464435,-0.27844248
-0.09896192,-0.21097315
-0.26872811,-0.26968530
-0.32766724,-0.33447395
-0.14937449,-0.20427212
-0.21279503,-0.24863842
0.02501933,-0.30213018
-0.01718702,-0.27877149
-0.01796685,-0.25607228
-0.00570262,-0.29162890
-0.11464532,-0.19807984
-0.06648831,-0.22984019
-0.05869058,-0.23910721
-0.12872782,-0.17998738
-0.12382487,-0.20710452
-0.05355166,-0.25188322
-0.08552849,-0.20898326
-0.11004288,-0.23600314
-0.07056124,-0.22828963
-0.06546620,-0.24569427
0.01346201,-0.26061875
-0.12222053,-0.22309672
-0.23307664,-0.25467702
-0.24443547,-0.26322123
-0.08361121,-0.21097909
-0.10625049,-0.22009417
-0.17726085,-0.21032400
-0.10186891,-0.23566521
-0.07033568,-0.25293856
-0.29908938,-0.31634292
0.06497970,-0.30770480
-0.16230077,-0.21593341
-0.29657549,-0.27563770
-0.30043240,-0.31763614
-0.10092449,-0.18263717
-0.08290773,-0.22080067
-0.15018769,-0.21006160
-0.23838755,-0.27841926
-0.02132134,-0.28431757
0.02344927,-0.27549117
-0.03517421,-0.24787086
-0.26264020,-0.27998520
-0.14873533,-0.22705671
-0.05123398,-0.21391405
-0.04368087,-0.25917138
-0.15446692,-0.23119088
-0.05196592,-0.23925050
-0.01688024,-0.26552869
-0.05187937,-0.23690900
-0.28210050,-0.27416585
-0.12196191,-0.22561839
-0.13211174,-0.21503046
-0.08539364,-0.23035507
0.03052774,-0.28377982
0.05456269,-0.30102748
-0.10254987,-0.23845167
-0.11963523,-0.18889519
-0.07096971,-0.23163101
-0.23402638,-0.27885206
-0.14011539,-0.18602804
-0.10312767,-0.22824856
-0.12518722,-0.20181112
0.05068032,-0.29557154
-0.15292075,-0.21429251
-0.14695743,-0.21279779
0.04055398,-0.32234539
-0.23811909,-0.25351113
-0.15298959,-0.23173082
-0.14771465,-0.21156170
-0.08787928,-0.22027198
-0.10034818,-0.23645256
-0.16112988,-0.23062737
-0.19551706,-0.19631192
0.00400074,-0.27132550
-0.06622890,-0.23585994
-0.07801026,-0.22658317
-0.12639520,-0.19864297
-0.15986503,-0.22477514
-0.02553059,-0.26183252
-0.17558875,-0.22940010
-0.20026658,-0.22530267
-0.00202322,-0.29929812
-0.01160254,-0.27757210
-0.06492317,-0.23521461
-0.00943926,-0.30447710
-0.19864806,-0.26255573
-0.04891905,-0.23974557
-0.02273100,-0.24678725
-0.03420935,-0.27426649
-0.19356647,-0.23477201
-0.11070826,-0.20632429
-0.19842776,-0.22740144
-0.17056283,-0.22723903
-0.23720354,-0.25135679
-0.05529162,-0.24768860
-0.17298359,-0.23214328
-0.16323500,-0.26303773
-0.27753338,-0.27877432
-0.16426298,-0.22932195
0.10884044,-0.25723839
-0.10788687,-0.26057785
-0.04638833,-0.24172632
-0.10279423,-0.22003882
-0.01460716,-0.24786754
-0.16846913,-0.22299312
-0.21501577,-0.24898346
-0.07659467,-0.22796126
-0.00090764,-0.26711483
-0.13512705,-0.24266249
-0.13141175,-0.23060973
-0.18293329,-0.22351822
-0.07619248,-0.23563533
-0.12955720,-0.21485340
-0.18792461,-0.24058768
-0.17307062,-0.22035491
-0.11159748,-0.23540089
-0.31886175,-0.28869095
-0.08916717,-0.20819951
-0.28479637,-0.31433193
-0.19988575,-0.22247174
0.04764977,-0.31199753
0.05858573,-0.27791907
-0.20793746,-0.26215245
-0.14304273,-0.19478959
-0.18032520,-0.20635995
-0.06327853,-0.24371810
-0.18144381,-0.22945284
-0.01066218,-0.27711954
-0.00195223,-0.28824251
0.00030459,-0.24710858
-0.00721265,-0.27423430
-0.04103429,-0.26084800
-0.01865409,-0.26860158
0.00009564,-0.28249501
0.00093199,-0.30706160
-0.00468187,-0.26394617
0.00733439,-0.28066418
-0.00220240,-0.26406587
-0.00577180,-0.25343541
-0.00635696,-0.27330899
-0.01951335,-0.27253147
-0.03083497,-0.21549943
-0.02487047,-0.26894722
-0.00966920,-0.26819375
0.00594139,-0.26883911
-0.00316323,-0.27792719
-0.00968208,-0.29416139
-0.01110693,-0.27715140
0.00295851,-0.29662847
-0.02099087,-0.27784896
-0.02792233,-0.27477778
0.00895629,-0.26866072
-0.00353486,-0.27739055
0.00307899,-0.26140238
0.00243428,-0.29167802
-0.01163104,-0.29145347
-0.01935265,-0.27691881
-0.01462587,-0.22790283
-0.01507399,-0.26099209
-0.01832863,-0.26812745
-0.00967268,-0.28529699
-0.01109981,-0.25874626
-0.01587554,-0.28292865
-0.00496278,-0.25939408
0.01071784,-0.28587798
-0.01394749,-0.28130305
-0.00281996,-0.31077343
-0.01416346,-0.26769257
-0.02150065,-0.26014435
-0.00602335,-0.28450822
-0.00849564,-0.26395974
0.01785596,-0.31280624
-0.03301017,-0.23241259
-0.01615740,-0.29561494
-0.02698748,-0.26057760
-0.00915281,-0.26590427
-0.00628147,-0.26885988
0.07331481,-0.27386995
0.08826065,-0.28005077
0.05480407,-0.29047752
0.03607106,-0.30541013
0.12036795,-0.26532524
0.04578111,-0.27924961
0.07191037,-0.27293688
0.05277789,-0.27684707
0.09892203,-0.25320611
0.10814185,-0.26628918
0.09303441,-0.24864874
0.06569911,-0.29899371
0.15009123,-0.23399847
0.10039006,-0.29348459
0.07174358,-0.28496799
0.13498246,-0.23610587
0.12606518,-0.26979371
0.04773549,-0.27399723
0.06625677,-0.29360998
0.09484952,-0.28618138
0.04728461,-0.26828200
0.06588000,-0.29913072
0.08987966,-0.28331293
0.06461017,-0.26411821
0.04472794,-0.28398055
0.10227707,-0.28432226
0.04415335,-0.29353849
0.09948456,-0.28052817
0.04256201,-0.27697633
0.08709971,-0.27960328
0.10331672,-0.27656318
0.12560484,-0.26980833
0.12921561,-0.25621210
0.15748166,-0.22486133
0.06193263,-0.28023534
0.09107427,-0.29602526
0.06472983,-0.28680245
0.07625082,-0.27258401
0.06697161,-0.27716226
0.12742800,-0.25785809
0.09678219,-0.25218191
0.11660971,-0.28329244
0.06585062,-0.27424926
0.08489363,-0.26541666
0.15150330,-0.25993091
0.08852075,-0.26406126
0.05575585,-0.27921343
0.08089465,-0.28323606
0.10687446,-0.26436192
0.12590905,-0.23960415
0.10811723,-0.28581729
0.05724714,-0.27751021
0.10693916,-0.24777515
0.11009529,-0.24782175
0.08173399,-0.29556653
0.08418712,-0.29324328
0.10049942,-0.24537525
0.08443866,-0.27648061
0.05422548,-0.31070307
0.09355909,-0.26046787
0.06790582,-0.27518306
0.15041509,-0.24732305
0.10001029,-0.27457126
0.12749913,-0.24199655
0.10361182,-0.25727913
0.04339097,-0.28793724
0.10078024,-0.25080544
0.05477064,-0.26154434
0.05945751,-0.30312236
0.09990780,-0.27181575
0.10542901,-0.27840730
0.06591197,-0.28987295
0.13071422,-0.24252861
0.05488574,-0.28716661
0.11775029,-0.27650181
0.10744306,-0.25092823
0.11392942,-0.29432095
0.07602816,-0.29919033
0.09683647,-0.27181771
0.07688709,-0.30775127
0.04753888,-0.29410666
0.14430604,-0.24155677
0.14491050,-0.24534075
0.10581464,-0.26804825
0.12996646,-0.23211195
0.11931324,-0.26540234
0.09799842,-0.24832281
0.08090112,-0.26300287
0.05956484,-0.28527626
0.09618346,-0.27458956
0.08461321,-0.27122283
0.06899257,-0.28402176
0.06725158,-0.28980203
0.05586242,-0.26809502
0.08896097,-0.29843221
0.10070050,-0.29304872
0.06217061,-0.27495898
0.14770104,-0.25981154
0.08990431,-0.25406451
0.09201098,-0.27510819
0.23497428,0.08486951
0.22254334,0.11045570
0.23047347,0.04782951
0.23161748,0.03201512
0.22499307,0.17690032
0.23237998,0.12955402
0.22708786,-0.00668920
0.23220578,-0.06550448
0.22339378,0.08698184
0.21719462,-0.02431472
0.23348096,0.12948804
0.21862779,-0.07779563
0.23204672,0.04824679
0.23747695,0.04680914
0.22697158,0.02795882
0.24026138,0.13444914
0.23715013,0.16891978
0.22505240,-0.01410561
0.22743996,-0.02504929
0.22660371,0.10483280
0.24219246,0.26173205
0.23527728,-0.17167628
0.23045687,0.09841721
0.23337485,0.12352773
0.22226525,-0.02622970
0.25565318,0.19283410
0.23870013,-0.09249902
0.22020910,0.05993261
0.23776994,0.18520611
0.22976431,0.22064256
0.23474838,0.05952133
0.23141869,0.14704835
0.23593219,0.28974864
0.22091413,0.22931985
0.21831106,0.00486738
0.24620468,0.18122838
0.23774939,-0.00271913
0.22618068,0.05955258
0.23356176,0.01257121
0.22041779,-0.00231237
0.24237806,0.18734834
0.23577285,0.12570807
0.24132526,0.02787298
0.24214187,0.06675687
0.22036535,0.33227413
0.23122436,0.07800608
0.23345979,-0.02406662
0.24896375,0.15103778
0.22377679,0.07523660
0.24447857,0.08161771
0.24026521,0.16085813
0.24096921,-0.25844996
0.22258056,0.25599336
0.22370037,0.09391033
0.23415575,0.02016465
0.22544933,-0.01899358
0.23875619,0.17183895
0.21784754,-0.17724176
0.21373472,-0.01770921
0.23467560,0.08795571
0.23336455,0.21820565
0.24073280,0.08344442
0.23464346,0.23839180
0.23894113,0.17199817
0.22280881,-0.10151574
0.23757051,0.31060131
0.22091408,-0.19090875
0.24622410,0.15622720
0.23222098,0.16197111
0.24156867,0.01690259
0.22309993,0.16145187
0.24914983,0.24614210
0.22955113,0.15157021
0.23584453,0.15552501
0.23978045,0.15582874
0.23562024,0.05769125
0.22406040,0.09250451
0.23668038,0.00260724
0.24247217,0.17770664
0.23387796,0.08056766
0.22158292,0.28452303
0.22875055,0.03831593
0.24576567,-0.00332929
0.22487397,0.14403234
0.23114421,0.13867062
0.23685019,-0.15047203
0.22699266,0.08890946
0.23324956,-0.01858176
0.23299216,-0.10698071
0.23137479,0.06682612
0.23172672,0.04187524
0.24872986,0.14780703
0.23154702,0.03085968
0.22425249,0.06255967
0.23589266,0.14278353
0.23325089,0.12380622
0.22035532,0.21653050
0.23007740,0.23520534
0.22990196,-0.05746096
0.22045592,0.09459471
0.22874709,0.20632748
0.23003839,0.07806084
0.22429216,0.20858800
0.22271081,-0.00933425
0.24093359,-0.03328412
0.22532742,0.09742993
0.22949846,0.08619928
0.22607723,0.07716723
0.24372044,0.04260004
0.25277685,-0.00960416
0.23004892,0.17410338
0.23765270,0.00390620
0.23757748,-0.00319580
0.22475659,0.15046764
0.23967487,-0.11572066
0.24067845,0.21969297
0.23331205,0.12892965
0.23255701,-0.01455341
0.23880182,0.01609433
0.24210145,-0.05882167
0.22739897,-0.13993573
0.23867913,0.33128302
0.22321641,0.13614226
0.24156216,0.23394868
0.23706674,-0.17383778
0.22076416,-0.01065394
0.22481378,0.06029963
0.22892805,0.19702172
0.23531759,0.12041950
0.23229848,-0.02261429
0.23462383,0.06646934
0.22965182,0.12325727
0.23051844,0.13806273
0.24317720,0.26013375
0.23450154,0.19659997
0.24463579,0.08094589
0.22937314,0.01572433
0.22721644,0.11140397
0.24335873,0.16260486
0.24102256,0.10170558
0.23403223,0.13254735
0.24404830,0.10537735
0.23824074,0.08060797
0.23323385,0.09651401
0.23251569,0.11894818
0.23691291,0.11280414
0.23977263,-0.11061317
0.22650958,0.23561446
0.23139089,0.24596488
0.23539763,0.04173614
0.22843382,0.11111182
0.23684347,0.07530367
0.22786887,0.12178239
0.24220945,0.07365049
0.23432150,0.15095303
0.23726820,0.11927431
0.23961756,0.03193377
0.23463411,0.16836084
0.23542859,0.18080187
0.24038237,0.08755569
0.23177690,0.04574621
0.23627828,0.31416769
0.22140341,0.07191696
0.22454190,-0.04458614
0.23270674,0.12467759
0.22998201,0.06409725
0.22085259,0.05490995
0.22717313,-0.00340261
0.23491363,0.08688037
0.24050238,0.01611037
0.22355124,0.05669770
0.24201547,0.14778645
0.22127408,0.13989708
0.24563830,0.07279111
0.24109895,0.23426128
0.24128930,0.03148601
0.23678099,0.07559153
0.23421430,0.15923260
0.25054051,0.17208578
0.23295311,0.15923318
0.23486843,0.19267987
0.23435144,0.06945229
0.24017188,0.11805517
0.23341790,0.08635038
0.25313416,0.09182795
0.23352872,-0.07372700
0.23365968,0.07512872
0.23077818,0.04058143
0.23680171,0.25348001
0.22602481,0.05388282
0.22945610,0.13784918
0.22779709,0.01499827
0.23211349,0.30554718
0.24525656,0.05191668
0.23009236,0.25344090
0.25782363,0.19996033
0.24875485,-0.04904763
0.23053825,0.00011876
0.22503644,0.03999311
0.24409173,0.18345700
0.37075738,0.19273625
0.22664641,-0.18806469
0.45102687,0.32566027
0.40806564,0.23815482
0.38955742,0.24977637
0.49430877,0.37073514
0.35112048,0.19798673
0.45553650,0.29050823
0.38802585,0.21085740
0.34396003,0.14920195
0.43966937,0.26877899
0.50664685,0.36739416
0.44098073,0.31146150
0.44031776,0.29575809
0.43167542,0.30026636
0.39979289,0.24417775
0.39652544,0.25920115
0.32696940,0.11283659
0.41002716,0.23900214
0.25361820,-0.08474116
0.48058729,0.37593841
0.47676527,0.35820607
0.37304732,0.15560874
0.40360229,0.22209065
0.30032850,0.06342557
0.41266843,0.25299161
0.38297750,0.22174457
0.41843625,0.29328582
0.37364711,0.19993714
0.39896604,0.23252127
0.40679003,0.26990198
0.39051061,0.20108295
0.43457624,0.27888041
0.37898315,0.20137067
0.45483917,0.30600957
0.41573497,0.27572674
0.28988065,0.05343019
0.39251834,0.25952036
0.44332734,0.26573518
0.47079928,0.31702458
0.43008866,0.28156840
0.37325736,0.25897618
0.36619372,0.21546976
0.32036233,0.16647059
0.35766322,0.18422303
0.39869865,0.24805121
0.43524387,0.25420188
0.39540575,0.23658572
0.35280995,0.13685658
0.35645754,0.16492761
0.37614134,0.21843010
0.33613947,0.15478721
0.28230091,0.01454301
0.36004357,0.20323658
0.34680971,0.15524254
0.37655493,0.19397510
0.41339217,0.25519882
0.36067089,0.18127616
0.42754349,0.30730700
0.36906473,0.16699136
0.41367241,0.25631280
0.40565898,0.25560717
0.42581651,0.29492045
0.39009105,0.21114765
0.28279623,0.03380749
0.43676721,0.29668649
0.33764326,0.11845472
0.32185085,0.13745490
0.46821950,0.33430758
0.35289967,0.18316159
0.43617810,0.29538988
0.37008528,0.20172375
0.29104180,0.04962777
0.43094576,0.25827796
0.38645145,0.22875500
0.40163343,0.26083101
0.39927829,0.26762915
0.43079710,0.30903965
0.41998195,0.28129681
0.38772095,0.22523919
0.40318413,0.25754231
0.38066566,0.22711738
0.35300635,0.17305250
0.32409464,0.10922999
0.26939823,-0.01611859
0.34446878,0.15344362
0.37874620,0.21652939
0.36426303,0.16428315
0.24380906,-0.14531896
0.47398730,0.33693156
0.35933975,0.20780885
0.46101511,0.34927745
0.45048346,0.33150471
0.30062351,0.05103439
0.39995202,0.25806385
0.45900905,0.32545878
0.34458286,0.13793911
0.37370812,0.19726070
0.41750504,0.24798123
0.45585634,0.34559681
0.41505083,0.25603851
0.34171376,0.13296368
0.29200302,0.06134216
0.43788678,0.27762086
0.45017576,0.34096700
0.31723463,0.12948638
0.35048319,0.19491147
0.39073274,0.19963438
0.29989445,0.07999185
0.30416448,0.08009551
0.36359422,0.18086601
0.34836126,0.17052944
0.39530184,0.24124962
0.43442505,0.29587874
0.30228462,0.09560209
0.34124084,0.15749868
0.30514575,0.12522040
0.39882601,0.25818741
0.36565402,0.19854802
0.35457806,0.17254619
0.45769157,0.35038498
0.31435348,0.12867793
0.34359533,0.16298933
0.28335275,-0.00210375
0.38160394,0.21287880
0.42714237,0.24199599
0.39489477,0.22325734
0.38691524,0.26662973
0.39735113,0.25767027
0.34672791,0.14840955
0.33490523,0.13187271
0.45779043,0.34033093
0.50081092,0.33051850
0.31663159,0.10876215
0.41660525,0.26645522
0.34078595,0.13948853
0.44067631,0.27779528
0.43170944,0.28124698
0.43482830,0.31577438
0.31048511,0.08152420
0.45217316,0.28195732
0.33820459,0.13477651
0.40927333,0.24971477
0.42329016,0.30722295
0.44637123,0.30882420
0.29809078,0.04698307
0.45702997,0.33465596
0.39294548,0.22585877
0.29393865,0.07101618
0.36459524,0.19245247
0.47112804,0.34767899
0.40312434,0.25350555
0.36995523,0.21773259
0.40727045,0.26641564
0.37552941,0.18637850
0.43573421,0.33047304
0.42870183,0.28096257
0.42357202,0.28074505
0.36784380,0.21670138
0.31704712,0.12702412
0.35517908,0.20236575
0.44104011,0.25991375
0.45624848,0.34985100
0.41962022,0.26765604
0.48531829,0.35229765
0.48869876,0.36232804
0.31401862,0.06738423
0.37519169,0.20762768
0.47873737,0.36629874
0.38330566,0.21037466
0.24618900,-0.11657913
0.46794358,0.35072406
0.37258226,0.22115686
0.31149125,0.11823596
0.43756490,0.26601435
0.39039631,0.21540692
0.44308762,0.27484130
0.38825294,0.22662378
0.36107111,0.16467713
0.40808662,0.27037461
0.41756192,0.25833214
0.42222150,0.26358444
0.39970404,0.25002776
0.32287859,0.15760570
0.40463291,0.26137769
0.42052226,0.27735207
0.42630715,0.28283716
0.43312622,0.26901643
0.41960369,0.28087563
0.28989309,0.02244607
0.34292942,0.17624022
0.29976556,0.06236058
0.36965759,0.20498959
0.38530293,0.24013246
0.24692439,-0.09872116
0.41885326,0.26309619
0.36347487,0.16004508
0.45222082,0.35882065
0.32555723,0.16239983
0.45553360,0.29816055
0.04595899,-0.04272978
0.08405654,-0.06808841
0.00718467,-0.12545705
0.16914182,-0.12889368
0.05388703,-0.09002424
0.01752031,-0.18551497
0.09590701,-0.04148883
0.08702785,-0.06622299
0.01448882,-0.15768023
0.13320676,-0.11868122
0.12189212,-0.10797767
0.09523130,-0.03873905
0.04257870,-0.05008975
0.09648279,-0.05340008
0.02085521,-0.12740006
0.01457864,-0.12412506
0.03680790,-0.08713761
0.06624153,-0.06404916
0.00961091,-0.22159734
0.02925385,-0.15393444
0.00918429,-0.08674994
0.13856898,-0.08214221
0.03408335,-0.20221569
0.18204396,-0.10395214
0.10900983,-0.13731179
0.06689476,-0.13161032
0.10933522,-0.11374783
0.18448481,-0.05061661
0.03123345,-0.03215503
0.03525469,-0.11406049
0.12093147,-0.11486735
0.02930010,-0.09063685
0.03745568,-0.10596082
0.10008104,-0.16109216
0.07841731,-0.17389911
0.07362744,-0.01555501
0.06112015,-0.11712519
0.01925385,-0.03185485
0.02598776,-0.12218419
0.03956720,-0.11168935
0.05414928,-0.08171294
0.01705357,-0.05971171
0.03206621,-0.07885199
0.01093819,-0.11654486
0.10124359,-0.13951120
0.06935578,-0.02885679
0.14244380,0.02985100
0.03395132,-0.12496241
0.19140969,-0.04104729
0.18238385,-0.07960391
0.04039715,-0.05399973
0.02336010,-0.10842255
0.05364110,-0.09599507
0.00554906,-0.14915925
0.13006900,-0.08405506
0.02223977,-0.04288386
0.18118444,-0.07056266
0.02509655,-0.05334676
0.02839711,-0.14354106
0.11877667,-0.09835710
0.12560517,-0.10327359
0.11683917,0.03610810
0.05178278,-0.08101367
0.03466167,-0.13864992
0.21429299,-0.06109292
0.10575732,-0.12759852
0.02562332,-0.10927962
0.02649753,-0.13014124
0.06518046,-0.09684775
0.05124935,-0.19523127
0.01964340,-0.11972945
0.07483044,-0.02787134
0.06007705,-0.10368808
0.02133492,-0.09087023
0.01069535,-0.08841442
0.08741220,-0.09933776
0.08207308,-0.03345401
0.04817308,-0.11146546
0.39739275,-0.09288730
0.01724346,-0.13477150
0.02743012,-0.22193330
0.16118392,-0.05388263
0.01120890,-0.04018274
0.07196937,-0.05046167
0.04951627,-0.04919797
0.07578980,-0.23332562
0.15806100,-0.04118622
0.07104651,-0.05913871
0.03034762,-0.07983358
0.05689592,-0.16199847
0.08286628,-0.01615452
0.05586780,-0.15496496
0.23291900,-0.01285499
0.07451627,-0.03526933
0.04066737,-0.08752384
0.03737339,-0.05100926
0.35618459,-0.11223702
0.06559902,-0.07862720
0.10745746,-0.00410109
0.11779339,-0.14438616
0.08576129,-0.10638006
0.02882070,0.00445693
0.02587648,-0.19138996
0.09786321,-0.16557299
0.03024149,-0.01821652
0.02549156,-0.03580947
0.01672085,-0.09095138
0.01048113,-0.07038645
0.17326191,-0.07134079
0.08958839,-0.10306294
0.02607945,-0.04447372
0.04031195,-0.12213069
0.05000810,-0.10082944
0.06532372,-0.10778718
0.09726102,-0.09457392
0.09758586,-0.12995550
0.06986018,-0.07712351
0.13937308,-0.16740964
0.05723989,-0.06850683
0.11293570,-0.06569531
0.08748378,-0.07891080
0.08831282,-0.13011715
0.05096068,-0.05486372
0.01814167,-0.08748161
0.05864726,-0.14715087
0.01634591,-0.15636697
0.15049143,-0.03652638
0.05849604,-0.05968068
0.05524063,-0.04268594
0.04575875,-0.14391318
0.18808607,-0.18632210
0.05373218,-0.09529340
0.02483808,-0.12121332
0.10535592,0.00598918
0.01691065,-0.11405075
0.04752900,-0.15789834
0.04440837,-0.14652585
0.17124681,-0.15457288
0.05862444,-0.14181746
0.01179180,-0.06411320
0.09914828,-0.10620052
0.06775570,-0.11312748
0.07069534,-0.15241664
0.03807162,-0.12454541
0.02021684,-0.08440448
0.23301870,-0.13349945
0.01940156,-0.01645432
0.12403136,-0.00762969
0.09011978,-0.11234737
0.11060499,-0.08445185
0.05397002,-0.15353316
0.03381123,-0.09634304
0.03792635,0.05037141
0.08384365,-0.01885202
0.02322940,-0.08659483
0.03956247,-0.17439630
0.13238894,-0.08357356
0.02011265,-0.16728761
0.03328786,-0.17002277
0.02836420,-0.13412262
0.02608988,-0.07114131
0.11638642,-0.04039332
0.01690291,-0.08636737
0.22624388,0.01030265
0.06464595,-0.09911429
0.02510429,-0.08720065
0.03580720,-0.16199354
0.08589366,-0.11540173
0.06155644,-0.13394716
0.10077153,-0.07380723
0.02125746,-0.20470209
0.06800472,-0.13275141
0.06640808,-0.06480734
0.04106014,-0.02959122
0.05962305,-0.13199221
0.07544830,-0.15306831
0.03132263,-0.13970299
0.08099197,-0.13426292
0.14992320,-0.14743180
0.02120557,-0.12821517
0.22637563,-0.11564000
0.07150742,-0.03370640
0.04305395,-0.09315727
0.06164956,-0.15052737
0.17304457,-0.05295379
0.01915626,-0.12283844
0.06782660,-0.10489774
0.07175622,-0.06662581
0.02751831,-0.08583111
0.07987619,-0.12987141
0.05708570,-0.12596183
0.03096327,-0.05097997
0.07287579,-0.07109967
0.13323488,-0.04976996
0.13441257,-0.17480166
0.25392368,-0.25750212
0.11779754,-0.03330448
0.04791589,-0.10431210
0.06149972,-0.09250852
0.05905840,-0.06971994
0.02216278,-0.11968614
0.04214108,0.00491611
0.09137528,-0.12766135
0.16097997,-0.07590617
0.02240478,-0.03436124
0.04110471,-0.08302710
0.07264605,-0.14696927
0.27621098,-0.11940423
0.19499066,-0.14006162
0.08476164,-0.11667829
0.03716672,-0.13937859
0.08264340,-0.09853057
0.14228155,-0.17969108
0.04666259,-0.09737324
0.05963496,-0.08466772
0.06699103,-0.02842993
0.05931270,-0.05508316
0.04411595,-0.19201997
0.29966442,-0.09428684
0.01569773,-0.07564420
0.09956747,-0.07522333
0.08255815,-0.12576043
0.07769627,-0.08221655
0.09685296,-0.16258392
0.05754468,-0.13266277
0.12595851,-0.10686901
0.05055534,-0.17934185
0.08745687,-0.20031982
0.05515724,-0.04422752
0.03158759,-0.08584890
0.06804935,-0.16010560
0.06986111,-0.08854616
0.03327308,-0.19987764
0.08508522,-0.08128590
0.16300400,-0.14715919
0.10362002,-0.06828855
0.07624495,-0.07854276
0.19135331,-0.08539949
0.09918211,-0.03227190
0.06009035,-0.10129419
0.04835811,-0.18775890
0.14238973,-0.11238349
0.08631541,-0.04957570
0.05146592,-0.04674798
0.02706764,-0.07954913
0.04667787,-0.05148612
0.06614868,-0.06409289
0.23403349,-0.01765519
0.04247562,-0.10099834
0.11660755,-0.06521122
0.04309227,-0.04038763
0.06545027,-0.08681760
0.04761547,-0.14478545
0.09934950,-0.14481760
0.07890932,-0.10675083
0.02976984,-0.03814631
0.11735413,-0.12126267
0.07308167,-0.09939928
0.03333116,-0.04915869
0.04835904,-0.08688450
0.04741392,-0.01257552
0.04019173,-0.24633408
0.05775656,-0.12784617
0.05037531,-0.11649008
0.11427406,-0.17449373
0.10455584,-0.10613654
0.01978152,-0.12330629
0.03581151,-0.09149062
0.19046505,-0.14389428
0.10364082,-0.13242699
0.04045912,-0.13836620
0.05534196,-0.08668174
0.07207826,-0.02339948
0.03138444,0.00035363
0.03865826,-0.07733635
0.08056550,0.00585481
0.25254866,-0.06371329
0.04579669,-0.06446893
0.06009825,-0.06034428
0.06717191,-0.18861051
0.12214675,-0.01251661
0.06135668,-0.12662485
0.05592035,-0.15893800
0.05718016,-0.10274778
0.15258350,-0.07241109
0.04266903,-0.12427172
0.03305636,-0.07806840
0.01609291,-0.17035628
0.08066123,-0.08691869
0.05088179,-0.00038517
0.06010878,-0.16802154
0.04118055,-0.10030749
0.07431739,-0.15276386
0.10996014,-0.03828119
0.06958068,0.00018107
0.14626632,-0.02970313
0.07064483,-0.12236482
0.10296098,-0.12294876
0.02005088,-0.12900929
0.06245031,-0.12327106
0.04003411,-0.13092512
0.06524070,-0.10719399
0.10409646,-0.08165171
0.05210105,-0.11576420
0.05063807,-0.19838991
0.02704218,-0.08888974
0.11265850,-0.02005774
0.08212795,-0.17077285
0.11558524,-0.13367899
0.20250627,-0.15552075
0.02709090,-0.17377068
0.02791757,-0.07265800
0.08471428,-0.08596284
0.05476608,-0.07779455
0.08002810,-0.08027803
0.06157635,0.07013529
0.03389448,-0.04636858
0.02175882,-0.08601897
0.05509398,-0.11301339
0.04846724,-0.08253548
0.03192442,-0.18349775
0.01928865,-0.09239971
0.14207693,-0.12640871
0.09714767,-0.08626016
0.04563712,-0.03422003
0.09198379,-0.11155653
0.06787261,-0.04453810
0.03119406,-0.02453390
0.12597260,-0.04363078
0.08035972,-0.01377168
0.06803288,-0.16055776
0.21204839,-0.12115749
0.14682653,-0.03038144
0.04182584,-0.07137749
0.04460504,-0.11927297
0.22904813,0.10660238
0.05080978,-0.12567796
0.10128963,-0.19578090
0.07209872,-0.11843768
0.05528495,-0.10285359
0.06207220,-0.17300666
0.09809836,-0.13079792
0.10312673,-0.08275979
0.00570401,-0.16929462
0.03813652,-0.22954005
0.02883221,-0.09620428
0.07129454,-0.11046450
0.01447264,-0.10426499
0.05852564,-0.16038252
0.02161952,-0.17903931
0.09613665,-0.06523543
0.04650421,-0.08395665
0.11606034,-0.03817962
0.06301855,-0.16316020
0.28265076,-0.17194360
0.20415122,-0.01969634
0.03427834,-0.11638277
0.12306539,-0.07458201
0.04508123,-0.07277134
0.03806927,-0.14696293
0.10820665,-0.12997992
0.02904265,-0.10650571
0.02305352,-0.15288430
0.10621408,-0.12499163
0.00907602,-0.12787600
0.03775444,-0.13855461
0.14146749,-0.05589552
0.05248607,-0.02208769
0.10415914,-0.03718423
0.08392963,-0.00647303
0.05872922,0.02155777
0.06351482,-0.09363854
0.04439704,0.00036737
0.00994956,-0.16303678
0.04094098,-0.16008601
0.02326578,-0.09049454
0.03547029,0.05470243
0.13717819,-0.00805635
0.02366626,-0.04704878
0.10739350,-0.06403731
0.20918430,-0.05620411
0.10519724,-0.16355613
0.02925464,-0.08894825
0.06552095,-0.16892685
0.13337518,-0.06233011
0.02064974,-0.15069557
0.08250052,-0.15369915
0.02237658,0.00093468
0.08358374,0.00933198
0.08300961,-0.07854588
0.05179328,-0.07121742
0.07921411,-0.08776249
0.22708491,-0.04749728
0.06806223,-0.05951812
0.08307970,-0.13781981
0.11658064,-0.09245321
0.04723307,-0.11375391
0.04475725,-0.24838834
0.06038159,-0.06482990
0.02110055,-0.05046082
-0.34605074,0.10712602
-0.19829442,0.17027521
-0.31903704,0.03450844
-0.02127272,0.62483687
-0.40950045,-0.04276222
-0.17492362,0.22331418
-0.20843295,0.20564321
-0.20745743,-0.01719835
-0.28507504,0.13472055
-0.18707846,0.32561722
-0.11686406,0.16877708
-0.27938983,-0.16045292
-0.19136214,0.22748014
-0.29518511,0.16040466
-0.38211839,-0.06215053
-0.13253992,0.32338833
-0.04654005,0.36260010
-0.07360132,0.16571907
-0.24710808,0.25177147
-0.20452131,0.24011548
-0.24361689,0.15456617
-0.37732113,-0.05535289
-0.23172029,0.21531130
-0.22078227,-0.14843370
-0.22823265,0.27166572
-0.17795649,0.25599458
-0.27343245,0.10197165
-0.38327926,0.02740683
-0.16990350,0.22572565
-0.24695597,0.18247506
-0.22071272,0.31878439
-0.34239857,0.06407020
-0.20007392,0.28883698
-0.17926007,0.24728984
-0.15348737,0.28437834
-0.41314519,0.06890437
-0.05921766,0.28800511
-0.13883820,0.30579001
-0.23832465,0.21407023
-0.33161886,-0.12986009
-0.17086176,0.29264230
-0.26910790,0.12133182
-0.28472390,-0.00253944
-0.10318362,0.55883089
-0.20638740,0.20420614
-0.25172403,0.23784357
-0.30677837,0.13939454
-0.23360499,0.16694605
-0.19169750,0.45500388
-0.01683212,0.27641196
-0.12652858,0.30111541
-0.35693887,0.15423779
-0.21444362,0.12824508
-0.34306413,0.13712626
-0.29746621,0.12741341
-0.29000747,0.16101391
-0.16127263,0.60209343
-0.34429636,-0.07137169
-0.30042360,0.07156428
-0.21824999,0.22991308
-0.13013372,0.25808520
-0.06053167,0.27117722
-0.07653537,0.46122904
-0.31984920,0.14234638
-0.11414923,0.21617970
-0.10834142,0.35170019
-0.18406898,0.18543358
-0.31690327,0.20434476
-0.35860505,0.08028759
-0.19076744,0.55797788
-0.09524033,0.33122174
-0.32438528,0.10376914
-0.04462255,0.40505699
-0.37970093,0.12844384
-0.33314783,0.14174736
-0.16770680,0.28642752
-0.31479365,0.08826872
-0.14485041,0.27080936
-0.29298739,0.21762260
-0.29240187,0.02507294
-0.40441721,-0.16639021
-0.17240234,0.28833016
-0.10114582,0.37595549
-0.02417363,0.44353336
-0.07635638,0.37173327
-0.26345228,0.25581087
-0.21682349,-0.06095572
-0.08187749,0.31794412
-0.27557438,0.22523553
-0.19869037,0.36258910
-0.27345323,0.20901312
-0.32211145,0.03769186
-0.13962829,0.25828812
-0.23586592,0.18540074
-0.17772871,0.23039711
-0.22204888,0.13494412
-0.39727785,0.08690839
-0.15669614,0.15788924
-0.21924329,0.14970104
-0.32381692,-0.08582667
-0.27727604,0.21286378
-0.26902740,0.01244638
-0.09736716,0.35408413
-0.13016460,0.30300247
-0.21140454,0.34586782
-0.32972983,-0.05722982
-0.26586355,0.14184429
-0.12813009,0.36815182
-0.21980850,0.10188126
-0.25023872,0.16331478
-0.22328483,0.37776847
-0.12627634,0.40910840
-0.23203455,0.13517171
-0.19019868,0.23292477
-0.12542644,0.28144289
-0.13274163,0.30029960
-0.18506875,0.23171590
-0.16377322,0.12822709
-0.31636477,0.18264105
-0.26125665,0.11696753
-0.10500547,0.36183731
-0.21692617,0.30420038
-0.16597191,0.33363377
-0.17981053,0.15022726
-0.29213077,0.12654480
-0.29887277,0.12395928
-0.33727553,-0.17834723
-0.20164728,0.37743670
-0.11696694,0.49192727
-0.23563421,0.17227036
-0.04438150,0.40754187
-0.19000366,0.11706606
-0.20684641,0.19699776
-0.12065730,0.32617248
-0.15228819,0.26951242
-0.20347866,0.36402818
-0.25193834,0.32571226
-0.22174994,0.10312361
-0.35321727,0.16707460
-0.29203895,0.10568707
-0.03320386,0.51679604
-0.08724877,0.31073992
-0.28631524,-0.11017599
-0.21768077,0.14666000
-0.13845185,0.25263121
-0.10758414,0.32360958
-0.41314155,0.04891790
-0.36738578,0.04014609
-0.10790381,0.34342975
-0.32406530,-0.09202500
-0.29905712,0.21577025
-0.13639767,0.34908898
-0.14669714,0.23594269
-0.15670257,0.25513899
-0.11977166,0.31381900
-0.20778816,0.08361617
-0.07714238,0.46139895
-0.31996235,0.24566902
-0.04233899,0.36962940
-0.19547527,0.14963523
-0.32961241,0.23695707
-0.35456204,0.00735140
-0.04244063,0.33180351
-0.19874015,0.16879229
-0.16772338,0.39559970
-0.28612049,0.13150735
-0.26166439,0.03965075
-0.22622217,0.25236516
-0.15423813,0.29917752
-0.27598210,0.12177561
-0.12576224,0.38106369
-0.09056261,0.30889219
-0.24072366,0.24421910
-0.19173793,0.22992833
-0.14589133,0.30191056
-0.14438670,0.46992316
-0.12540023,0.32458112
-0.10137321,0.48934618
-0.11562473,0.26234477
-0.20114450,0.19401553
-0.24445348,0.21564779
-0.15186907,0.29958807
-0.43031487,-0.21779800
-0.37864623,0.14528427
-0.28040997,0.11543238
-0.22133086,0.21055167
-0.25161729,0.12089702
-0.09688166,0.41299202
-0.31554057,0.10958545
-0.29161838,0.02499705
-0.39145048,0.04962487
-0.09887974,0.27138076
-0.15962535,0.34048559
-0.10035914,0.50848628
-0.18204216,0.22088762
-0.15641841,0.45932925
-0.11777345,0.35643856
-0.12948268,0.28191067
-0.18572771,0.42979371
-0.25295815,0.16049347
-0.24468816,0.24598741
-0.23251062,0.16640555
-0.32610047,0.19608565
-0.18146180,0.25700459
-0.08864784,0.31781427
-0.07719644,0.39485448
-0.22833795,0.16596965
-0.29982437,0.07768847
-0.31821493,0.07097048
-0.27215875,0.26268442
-0.05190190,0.30915586
-0.08671000,0.36834646
-0.19253705,0.24045639
-0.17018677,0.28411068
-0.04947140,0.30495436
-0.17000468,0.28859723
-0.17247345,0.26508867
-0.23353659,0.23705635
-0.26151845,0.15489541
-0.17330269,0.22398083
-0.28664135,0.13085205
-0.13411705,0.26672843
-0.10928504,0.34800601
-0.16082965,0.35174879
-0.35727204,0.18560000
-0.26205552,0.10608773
-0.32302642,0.18082514
-0.19227316,0.10790250
-0.11702576,0.52798949
-0.32512760,0.18515952
-0.12119730,0.27827082
-0.07609829,0.59608980
-0.27290657,0.18509258
-0.31253853,0.19651800
-0.06443509,0.33673384
-0.25851827,0.15005625
-0.30940206,-0.06396069
-0.06634051,0.57115803
-0.22670925,0.19600054
-0.27374355,0.13357438
-0.17640902,0.44399530
-0.20275272,0.17180499
-0.33408529,0.03549090
-0.14947005,0.62305503
-0.23764738,0.20240220
-0.32096018,0.24516042
-0.30251534,0.04223987
-0.10659404,0.24362890
-0.21498326,0.23133859
-0.38522246,0.11342498
-0.15348398,0.29593177
-0.12465614,0.43956182
-0.33956825,0.10444052
-0.14868816,0.55570690
-0.28376983,0.09742921
-0.22342964,0.16580049
-0.29212624,0.00378732
-0.15608564,0.39725074
-0.17780282,0.18085583
-0.24848128,0.06724846
-0.39602722,0.12333467
-0.15784729,0.45583436
-0.23375985,0.19098502
-0.12303325,0.32467051
-0.12995325,0.34674756
-0.26470531,0.13036591
-0.21036493,0.15809101
-0.13977122,0.31025848
-0.16312635,0.33371494
-0.12601547,0.44546423
0.00391060,0.36509906
-0.25782510,0.16340470
-0.05588882,0.53772556
-0.27454021,-0.11431956
-0.13117015,0.32684200
-0.27199805,0.16827213
-0.38514405,-0.22207646
-0.30697483,0.16965385
-0.14672862,0.41325096
-0.24500460,0.24851500
-0.05727752,0.49745887
-0.17895704,0.34425731
-0.17288801,0.17648151
-0.11790840,0.41393092
-0.07291600,0.51385547
-0.24466465,0.10670099
-0.24076414,0.19554984
-0.27544326,0.05702720
-0.30386786,-0.05330464
-0.25799767,0.25413385
-0.30957846,-0.01456754
-0.10088369,0.42050430
-0.14855529,0.28121819
-0.22144903,0.25498133
-0.13295605,0.36886035
-0.33024758,0.00611588
-0.32174976,0.09539441
-0.10728386,0.48436984
-0.31278395,0.01832994
-0.33175056,0.17519750
-0.11803577,0.41237536
-0.06902158,0.33514659
-0.36730184,0.17944832
-0.26358093,0.34784893
-0.17421459,0.22258957
-0.03914942,0.27622513
-0.16476939,0.24700702
-0.16140591,0.11599517
-0.13107626,0.38180719
-0.07877784,0.39451337
-0.14350735,0.37171917
-0.15036432,0.20757664
-0.19651001,0.24194964
-0.49335315,0.00771754
-0.17181816,0.41694117
-0.21516048,0.19513755
-0.23854681,0.12202415
-0.15988215,0.38226871
-0.09135936,0.35395497
-0.22392959,0.25401528
-0.14467667,0.24514115
-0.27109967,0.01572178
-0.42931395,0.07399052
-0.06880309,0.36367951
-0.09482458,0.38265244
-0.21613344,0.39869994
-0.17892427,0.05179625
-0.30465855,0.16968088
-0.30206344,0.18816245
-0.26647135,0.29113415
-0.29282360,0.11811947
-0.05518814,0.42265105
-0.32813319,0.00728594
-0.26906581,0.11191536
-0.19181892,0.40483395
-0.16910596,0.36187245
-0.39047889,-0.04869960
-0.20529064,0.20707295
-0.33078887,0.09076855
-0.26718924,0.24256989
-0.20230782,0.22283436
-0.41336462,-0.07952747
-0.16456855,0.26012440
-0.26726265,0.06426869
-0.28048374,0.17026279
-0.34349559,0.10156549
-0.27399662,0.17095044
-0.14369142,0.44878291
-0.21802285,0.19604175
-0.17541920,0.27574024
-0.29862797,0.15966029
-0.40639739,-0.04123602
-0.33205420,0.25847961
-0.08815091,0.35559475
-0.14586311,0.43101461
-0.17117126,0.34009554
-0.02996349,0.66552605
-0.30460782,0.10108495
-0.24867567,0.26131210
-0.27146638,0.21813063
-0.29761109,0.06689428
-0.40196855,0.03639398
-0.16814659,0.34965380
-0.26996521,0.21898543
-0.34609474,0.14951538
-0.20933850,0.23588080
-0.10419492,0.56434325
-0.26065192,0.21731256
-0.14808452,0.19759640
-0.35982426,0.11626795
-0.27164812,0.24858406
-0.23372333,0.25779164
-0.18542273,0.26115474
-0.22752310,0.19457386
-0.35991614,0.01771755
-0.22478664,0.25831939
-0.05144395,0.38829427
-0.17370089,0.26636510
-0.15463617,0.13049534
-0.20723042,0.05097984
-0.13156731,0.34041827
-0.33798992,0.15930023
-0.20763286,0.23079418
-0.36801080,0.04117120
-0.35405501,0.03120944
-0.23250392,0.16025750
-0.23320667,0.07589461
-0.12767911,0.34620085
-0.09227327,0.32625107
-0.25093872,0.15192339
-0.16259420,0.52519115
-0.17710428,0.24993860
-0.13047097,0.43559514
-0.34458994,0.04721288
-0.32830942,-0.01138149
-0.13846763,0.38628406
0.01005147,0.32151433
-0.09984687,0.24192077
-0.05764246,0.35335488
-0.27837103,0.28647926
-0.15834790,-0.02533008
-0.08727358,-0.02903500
-0.22693849,-0.06095579
-0.25680445,-0.07077815
-0.02484596,0.02562602
-0.06727692,0.00371747
-0.30290305,-0.10806721
-0.32858805,-0.14288166
-0.13047459,-0.04494571
-0.32104075,-0.14124227
-0.06862109,0.00558139
-0.34706020,-0.17828993
-0.22896488,-0.05784758
-0.24114822,-0.04970116
-0.25789261,-0.08230012
-0.07085516,0.02053623
-0.02486873,0.04134368
-0.30981472,-0.11751357
-0.31715454,-0.12117650
-0.10073891,-0.02533958
0.01480963,0.11905136
-0.33159956,-0.21722733
-0.11920020,-0.02304483
-0.07788839,0.00092795
-0.32040759,-0.13210758
-0.01133179,0.08782338
-0.32392729,-0.15218567
-0.18366931,-0.07168331
-0.01291150,0.05457729
-0.00662305,0.06737447
-0.21219372,-0.04472425
-0.04449340,0.01514481
0.00848376,0.12994175
-0.01664597,0.05680991
-0.28752512,-0.11696444
-0.01647648,0.06486703
-0.29883211,-0.08640030
-0.19455630,-0.06010331
-0.28463480,-0.08196688
-0.29762306,-0.11793555
-0.01059172,0.06355422
-0.07789071,0.00664440
-0.27229650,-0.05770722
-0.21470719,-0.02725933
-0.01345932,0.13289601
-0.16449442,-0.03698188
-0.31339499,-0.10962113
-0.06002530,0.04640229
-0.15578807,-0.05299796
-0.19113731,-0.01248427
-0.03396901,0.04034909
-0.32348526,-0.27301268
-0.01214774,0.08019286
-0.11722213,-0.03914332
-0.27610019,-0.07525179
-0.31371098,-0.12041343
-0.02258109,0.04615866
-0.35740075,-0.25453466
-0.31574690,-0.14393270
-0.15080587,-0.02352211
-0.00306085,0.07191859
-0.17687095,-0.01696691
0.00227758,0.08925033
-0.02247269,0.04657747
-0.34603022,-0.18748240
0.01156797,0.14829666
-0.35309611,-0.25836165
-0.04665324,0.04614573
-0.03060057,0.02775168
-0.28343526,-0.06555101
-0.03436005,0.01032354
0.01980923,0.11801087
-0.03969199,0.01518315
-0.03723502,0.02912724
-0.03941740,0.03580180
-0.21770101,-0.04462434
-0.12042956,-0.03948935
-0.29489709,-0.08416776
-0.01827600,0.05647015
-0.16511142,-0.03042560
-0.01240339,0.09957733
-0.24209124,-0.07122127
-0.29652368,-0.07422094
-0.04683939,0.00074412
-0.05396142,0.00837398
-0.32896236,-0.19869583
-0.13230579,-0.03654741
-0.31046427,-0.10587085
-0.33277719,-0.17261626
-0.18937646,-0.04509973
-0.24022885,-0.06319005
-0.06512784,0.04362666
-0.25854690,-0.07176938
-0.18444886,-0.06157150
-0.05236235,0.01965174
-0.07725931,0.00092245
-0.01902877,0.04606756
-0.00388726,0.07886299
-0.32920659,-0.14095385
-0.11223986,-0.04517652
-0.01098254,0.05478104
-0.16173252,-0.03906585
-0.01551680,0.04802738
-0.30561018,-0.11854214
-0.31152267,-0.10419474
-0.11269877,-0.03333065
-0.14283661,-0.03394085
-0.15566997,-0.04708957
-0.25664148,-0.04291796
-0.29408536,-0.06834695
-0.02286134,0.03298509
-0.29387062,-0.08158981
-0.29919459,-0.08703974
-0.04130692,0.00534265
-0.32389069,-0.16802961
0.00453585,0.08513316
-0.06926654,0.00487082
-0.30821502,-0.10405357
-0.28324334,-0.07057586
-0.31585229,-0.12150662
-0.34239886,-0.20741811
0.01364138,0.16561680
-0.05461718,-0.00842718
0.00929277,0.09722330
-0.32897619,-0.21586212
-0.30708083,-0.12347829
-0.19041809,-0.06217225
-0.01352696,0.04813399
-0.08628829,0.00191251
-0.31325043,-0.11055148
-0.19755075,-0.03972490
-0.07382689,-0.00586859
-0.05434472,0.00679984
0.01583000,0.11938959
-0.00888537,0.05766494
-0.19294840,-0.01274618
-0.27839261,-0.08702529
-0.09007728,-0.01925566
-0.03449001,0.04652493
-0.13760871,-0.00281149
-0.06469906,0.00882375
-0.13840864,0.00467196
-0.17623831,-0.02310213
-0.12889673,-0.01957620
-0.08430579,-0.00399955
-0.10378337,-0.00113492
-0.32353190,-0.16404217
-0.00846794,0.07256827
-0.00088169,0.08928291
-0.24626482,-0.05696513
-0.09206659,-0.01720790
-0.18409451,-0.02937519
-0.07436267,-0.01025220
-0.20136973,-0.02198318
-0.04143737,0.02312274
-0.09208306,0.00430421
-0.26599968,-0.05738078
-0.02530152,0.03671121
-0.01644049,0.04738629
-0.16692810,-0.01444093
-0.23321215,-0.06019824
0.00978410,0.14883403
-0.15919137,-0.06024236
-0.32963917,-0.14136554
-0.07512712,0.00063090
-0.19227088,-0.04964041
-0.19569439,-0.07412377
-0.29971492,-0.10544194
-0.15376464,-0.02392466
-0.28383202,-0.06783380
-0.19610077,-0.06734724
-0.05268934,0.03331458
-0.05126583,-0.00952091
-0.21157770,-0.01732524
0.00888373,0.09672622
-0.26809893,-0.05505424
-0.18331319,-0.02926277
-0.03307010,0.02914929
-0.03080595,0.06456049
-0.03292447,0.02697632
-0.01034809,0.05534835
-0.19055316,-0.03795171
-0.10090111,0.00809790
-0.15125827,-0.02688071
-0.19453373,0.00826457
-0.32849791,-0.14674750
-0.17655353,-0.03488006
-0.24105972,-0.06584583
0.00698779,0.10418791
-0.20649791,-0.06465291
-0.05406273,0.00471947
-0.27829529,-0.09047393
0.00350972,0.13524505
-0.24577371,-0.03356521
-0.00189584,0.09256666
-0.00546240,0.09648298
-0.30645289,-0.10397666
-0.29660991,-0.09662259
-0.23342120,-0.07697041
-0.01374089,0.06329875
-0.34456580,-0.24493184
-0.30289725,-0.12343361
-0.25690167,0.00509799
-0.25340517,0.02097033
-0.27687318,-0.04643823
-0.31866982,-0.18372008
-0.25706679,-0.00430981
-0.31459704,-0.15851250
-0.31292177,-0.14400053
-0.12438742,-0.03982019
-0.14749035,-0.05470837
-0.15686840,-0.00430189
-0.15878693,-0.03519976
-0.09843372,-0.03159149
-0.09219164,-0.05622558
-0.17768417,-0.04794191
-0.20958217,-0.03189489
-0.18645848,-0.02792103
-0.24195354,-0.06270099
-0.16530830,-0.05401613
-0.23245315,-0.04107632
-0.15548259,-0.02357295
-0.13244287,-0.04913738
-0.20476158,-0.03672246
-0.08882078,-0.01291672
-0.24985644,-0.04455813
-0.15806193,-0.04321159
-0.20739519,-0.05905890
-0.18763771,-0.06345540
-0.14093262,-0.04555050
-0.17915363,-0.04305975
-0.19271570,-0.03687474
-0.26143521,-0.01728180
-0.13113330,-0.03402466
-0.18268716,-0.00163198
-0.18574334,-0.03901851
-0.15535662,-0.05248949
-0.22192559,-0.05563007
-0.13918929,-0.03871591
-0.29331485,-0.04065346
-0.16466259,-0.04235029
-0.18766135,-0.05670579
-0.11904999,-0.04490374
-0.27383592,-0.03503310
-0.21900521,-0.05504422
-0.28072183,-0.04468231
-0.12943421,-0.04248613
-0.21676894,-0.03294729
-0.02775612,-0.01974674
-0.33843090,-0.02046348
-0.25222147,-0.05602017
-0.21991304,-0.06475127
-0.19955553,-0.02810048
-0.07418472,-0.00832113
-0.14608508,-0.02747152
-0.20131039,-0.04862880
-0.09732330,-0.04111289
-0.14604786,-0.02141640
-0.08905718,-0.00929424
-0.17876682,-0.03706836
-0.22207815,-0.05540482
-0.13121707,-0.02858612
-0.24216274,-0.01064427
-0.10530315,-0.03677100
-0.20145246,-0.05160104
-0.05807275,-0.05907255
-0.22210076,-0.04516114
-0.15227867,-0.04615971
-0.15387603,-0.03813480
-0.19059897,-0.02123792
-0.10761042,-0.02260751
-0.13073174,-0.04811853
-0.11798212,-0.04107670
-0.16848158,-0.04993984
-0.16131486,-0.00400439
-0.09369491,-0.02601195
-0.24953665,-0.05726612
-0.08929563,-0.03432212
-0.13175591,-0.02936179
-0.20764669,-0.03654786
-0.16618723,-0.05114481
-0.13871020,-0.03769755
-0.14376382,-0.02509919
-0.06787307,-0.04073937
-0.26998050,-0.02621796
-0.19430140,-0.03825341
-0.17528336,-0.05678038
-0.26557156,-0.01516268
-0.16333428,-0.04412114
-0.18500673,-0.02727729
-0.08601773,-0.04968821
-0.16626007,-0.02892799
-0.16170983,-0.04944115
-0.23343741,-0.03216589
-0.14829941,-0.04124164
-0.23768455,-0.02859415
-0.09782808,-0.03599235
-0.24279448,-0.04610259
-0.09910450,-0.04008921
-0.24276851,-0.01983415
-0.20004212,-0.03188178
-0.18309646,-0.01974336
-0.22932426,-0.06801206
-0.20254107,-0.06843617
-0.15259770,-0.03390741
-0.13614428,-0.00523535
-0.11214825,-0.02423938
-0.17190652,-0.03264597
-0.20389881,-0.05415043
0.20767082,-0.35243433
-0.18796204,0.24942147
-0.08111428,-0.18802580
0.45753097,0.31870142
0.53035747,-0.23604261
0.51399956,0.18298359
-0.47358770,-0.37028208
0.15956216,-0.24866724
-0.45478774,0.41573014
-0.17397301,0.56865083
-0.38701545,-0.06948769
0.42491479,0.03103947
-0.28234824,0.35780499
-0.32841997,-0.26938725
0.41741369,-0.32680181
-0.13228821,-0.26463033
-0.14063381,0.14057509
0.43803731,-0.20025976
0.15248186,-0.02285986
0.17489857,-0.15823252
-0.21275904,0.37885019
-0.03244519,0.21496681
0.00218619,-0.39892561
-0.18825444,0.09667883
0.16997986,-0.24730432
0.04684274,0.59602609
-0.07455840,-0.19334540
-0.39691807,0.48901148
0.23925095,0.08560468
0.36562529,0.34133137
-0.19143973,0.43106098
-0.08193772,-0.40352971
-0.14704090,0.32485356
0.57565855,0.29156598
-0.27285526,0.00710553
0.35162179,-0.00418390
-0.17713136,-0.22326808
0.01281617,0.09614872
0.18297959,-0.37774922
-0.45391651,0.39466728
0.35566767,0.54604794
0.05752607,-0.38187560
-0.39122165,0.52490898
0.06347721,0.42644950
0.41464411,0.04602693
0.37838588,-0.15996118
0.27767919,-0.04419740
0.51309738,-0.20016950
-0.34264130,0.50236515
0.46337611,0.21750057
-0.41601374,0.08330883
-0.12645058,0.30697469
0.14817088,0.35370389
0.22629630,-0.35642135
0.30367460,0.17882692
0.30466233,0.52233813
-0.15188397,0.20021387
0.53563815,-0.14095109
0.40659411,0.52718155
0.32205678,0.43620018
0.48678815,-0.09134813
0.43201003,0.21242763
0.05180284,-0.00066635
-0.47228073,-0.21073887
-0.09860409,0.41490364
-0.12394966,0.06181577
0.20369618,-0.15672493
0.12152304,-0.27490377
0.37259739,0.30861682
0.07650133,0.05697423
-0.12992340,-0.15378235
0.52761139,0.19225002
-0.08076396,-0.13863120
0.28936807,0.05095146
0.05062648,0.32546388
-0.13960231,-0.33177191
0.00529836,-0.49870764
0.27345393,0.42844085
-0.03740321,0.36367250
0.55801328,-0.06266752
-0.10346264,0.38258338
0.25141901,-0.34200033
-0.16522089,-0.28645343
-0.38874791,-0.46833941
0.20386715,-0.22438443
-0.12759293,-0.22799600
0.57381750,0.40093910
0.24938385,-0.30729503
0.14465415,-0.13755329
0.32712495,0.50190258
0.49764794,0.21858608
0.04824133,0.04594739
0.28080920,0.46790168
0.18631260,-0.11451034
0.29513515,-0.37249357
-0.30285388,0.52047481
-0.38373481,-0.33576398
0.57699355,0.57879707
0.53468252,-0.26228402
-0.30585257,0.33904995
0.59678707,0.51074603
0.22931404,-0.47029672
0.49647542,-0.13768647
-0.20868499,-0.12360344
0.27884348,-0.12143401
0.33236243,0.07911046
-0.36490294,-0.32427550
-0.12155257,0.43808306
-0.07134596,-0.20584499
0.01083974,-0.00203096
-0.45037247,-0.27112401
0.22185821,0.33255750
-0.17809020,0.13863536
0.20057270,-0.29831983
-0.45151584,0.05495588
-0.38034116,0.59321035
0.58989751,-0.13654321
0.12942205,-0.12677185
-0.12493804,-0.36939965
0.32129589,0.11743094
-0.10347532,-0.25764080
0.04898722,-0.48610248
0.37714317,-0.34220889
-0.43610406,-0.22576172
0.46099133,-0.05083859
0.59040532,0.26091122
0.00600123,-0.19696259
-0.08553481,0.00096723
-0.28678170,-0.03127764
0.44109692,0.12620961
0.54126245,-0.13449330
0.10377635,-0.34417893
-0.12286050,0.07259748
0.37249328,-0.21012673
0.25600859,0.22034930
0.33758785,-0.19299031
-0.42118644,0.03532983
0.28844783,0.30478105
0.01734767,0.31972827
0.56371195,-0.43432145
0.17539797,-0.43023145
-0.12789701,-0.49479421
0.59965117,-0.22626066
0.50929209,0.01733020
0.29699741,0.46542335
0.30814435,0.39396213
0.57942843,0.41822947
-0.09273186,-0.16136967
-0.44332281,0.32704626
-0.05073921,0.28388783
0.53077664,0.13634970
0.10491645,-0.12587149
-0.27164322,-0.22685581
0.03592910,0.34844764
-0.02163571,-0.20552044
0.57633053,-0.32934554
0.36110477,0.30389926
0.06667124,-0.02073378
0.02932861,0.19887111
0.35910011,0.39253204
-0.45371107,0.48903473
0.24801111,0.27252520
0.43397885,0.31846380
-0.03816868,0.44915783
0.35411764,-0.17704309
0.52331768,0.00866010
-0.35119795,-0.23098436
0.40776593,-0.12938555
0.06667932,0.22973948
0.06687532,0.56767713
0.22241790,0.30927957
0.14093877,0.43856927
-0.35678749,0.14881512
-0.01310408,-0.30128993
0.12402930,0.05798057
0.19198067,-0.31094357
0.01134146,-0.41183553
0.36748614,-0.39921704
-0.45668582,-0.38142223
0.56059575,0.11976010
0.28361238,0.29350197
-0.42775179,0.51603994
0.47522498,0.22037420
-0.32327783,0.13869922
-0.11255017,0.27195400
0.05533931,0.48704643
0.21921458,0.00463523
0.50808628,-0.13562776
-0.04271286,0.58575056
-0.25127161,0.26713071
0.42683322,-0.28223812
0.16572991,0.44288047
0.05957328,0.39973753
-0.09089411,-0.23307295
0.27012126,0.28228857
-0.10414900,-0.46080781
-0.20400128,-0.46280615
0.31629113,0.51247063
-0.47294277,0.47276184
-0.25305388,0.49467888
0.31027907,-0.15321010
0.44153819,0.26535928
0.56847764,0.55522123
0.43840961,-0.00825109
0.25118016,0.33541261
-0.40978746,0.15492801
-0.11763220,0.40299054
0.25731229,-0.09020109
0.13816061,0.23838849
-0.35258941,-0.40904473
-0.33572152,-0.19244923
-0.24812050,-0.32893699
-0.49359153,0.44136767
-0.14168333,-0.42180564
0.03575675,-0.37595885
-0.43789778,0.45322873
0.46218354,-0.39364032
0.28460925,0.34542742
-0.23793074,0.46235606
-0.41470971,0.20649388
-0.00869499,0.21692645
0.09045463,0.49707099
0.56380063,-0.19498672
0.11082404,0.05447956
0.07137574,-0.31943332
-0.34155798,-0.26246305
0.15240666,-0.38519798
0.07800167,-0.48203132
0.52736409,-0.28520382
0.05451390,-0.40559888
-0.24423912,0.36132248
0.19089658,0.50154382
-0.26530396,0.31256528
-0.00912515,0.24741830
-0.36035266,-0.21849106
0.38969737,0.18387730
0.57007134,-0.24376223
-0.14166018,0.57737987
0.06324793,0.47887729
-0.28167280,0.21591735
-0.37083740,-0.09592865
0.25374129,0.42114878
-0.42674861,-0.29551751
-0.41568762,-0.23329982
0.53212818,0.55507464
-0.19138468,0.48831742
0.07649260,-0.03051611
-0.08093241,-0.07545132
-0.48577473,-0.08651243
-0.07869796,-0.26767952
-0.17883933,-0.20208339
-0.04457977,-0.04361556
0.11893187,0.54262674
0.54397271,0.52355757
-0.08117777,0.19620126
-0.08222308,0.12842584
0.55377232,0.54909069
0.21158448,0.07141052
-0.05887549,0.37194128
-0.44665837,0.32755624
0.13520483,-0.49123421
0.25936047,-0.21528240
0.21354532,0.53094157
0.51350222,-0.06640825
-0.40319529,0.42947041
-0.07071690,0.27126955
0.26443224,0.34515916
-0.11310920,0.23070136
0.58770763,0.39080699
-0.14641302,0.59777317
-0.30008500,-0.42183042
-0.41542741,0.37536756
0.50937619,0.43395090
0.20801804,0.32484250
-0.02974813,0.11376179
-0.16294137,-0.16060071
-0.40999286,-0.41805665
-0.20481470,0.02290441
-0.28600155,0.51681438
-0.18405350,0.24074152
-0.07356221,0.37169447
0.01096122,-0.31381942
0.36899587,0.48466554
0.45341228,-0.43825224
0.37818927,-0.42395650
-0.23019788,0.13533345
0.59553066,0.10749153
0.43352001,-0.36325670
0.28431129,0.27219605
0.58187200,0.23493903
-0.30836206,0.36794972
0.32296619,-0.13793608
0.24171701,0.58984369
0.30111186,0.25386465
0.46151255,0.12168368
-0.13194344,0.47058037
0.44722836,0.08499848
0.29671105,0.23098195
0.30733506,-0.47961949
-0.38090628,-0.09511334
0.47264127,-0.17162550
0.39335705,0.23837610
0.10975638,-0.48564709
0.57974687,0.29869880
0.26150383,0.44307387
0.10589045,0.24138820
-0.00911084,-0.17450077
0.36787004,-0.02844320
0.10751320,-0.06012852
-0.48300442,0.17927901
-0.42725076,0.30753652
-0.17374666,0.18855442
0.59695819,-0.18042990
0.10891274,-0.09275678
0.14068791,-0.24348983
0.42902795,0.07652044
0.57573244,-0.28076108
-0.49363217,-0.04261791
0.33863828,-0.15922483
0.27099643,0.56471627
0.11366684,0.08781290
0.24351868,0.55457222
-0.47697564,0.28052050
0.42754376,-0.29870185
-0.24698748,-0.11424999
0.31498710,-0.13931972
0.33670099,-0.32124772
0.42402796,-0.29214870
-0.38887790,-0.24563648
-0.40739994,0.02853194
0.05380278,0.23390684
-0.10055360,0.09327765
0.40131065,-0.17666442
-0.33032145,0.23190789
0.59624539,-0.03529903
0.44816090,0.40811401
0.31468668,0.46596906
-0.10182849,-0.49616658
0.35393457,0.28452463
-0.00767818,0.54802845
-0.34530010,0.39933132
0.53001715,0.30991023
-0.49320035,0.15292738
0.36380872,-0.39195349
0.48755676,0.28018315
0.43312975,-0.30688958
0.40107106,0.03229958
0.45897837,0.16352305
0.51457744,0.51991880
0.10451163,0.30412170
0.55588705,0.48628755
0.16006041,-0.28475823
0.13038743,-0.32129299
-0.32837479,0.55839630
0.59174890,0.19583637
-0.37489682,-0.03653208
-0.07636397,0.10932892
0.41635090,0.49545147
-0.32474027,-0.13196780
-0.31588445,0.06164411
0.58473642,0.06767252
-0.21002378,0.01189782
0.40588765,0.17546170
-0.13411577,0.33167113
-0.39520707,0.46204096
0.28895398,0.32251224
-0.11988736,0.30126638
-0.33034052,-0.32826053
-0.11838712,-0.46934461
-0.02635150,0.16769513
-0.35717955,-0.04206936
-0.33368106,-0.15974314
-0.30638188,-0.25535985
-0.28080109,-0.44397066
0.10761937,-0.15883570
-0.18002393,0.40350510
-0.41307730,0.47182393
0.54976818,0.44278573
0.05233047,0.08594180
0.03062264,0.35420616
0.38289794,0.18612790
0.35752704,-0.03090881
0.30017546,-0.44175112
0.27717526,0.45432020
0.06879280,0.18539457
0.48736482,0.19154657
0.26057115,-0.38795903
0.12553865,0.34845782
0.29428723,0.09729628
0.18372373,0.41811540
0.31320389,0.37209921
0.20391649,0.10416223
0.02484278,-0.38408397
0.49548770,0.39946420
-0.15371652,-0.46298658
-0.06361037,0.01380433
0.28474155,0.30199815
0.50243143,-0.30029580
0.53822256,0.19412199
-0.08688887,-0.20927210
